AB0165 ,11/21/2023, ,WKYIASP PRD01ABK,,AB0165
AB0265 ,11/21/2023, ,IPRO PRD01ABK,,AB0265
AB0356 ,11/21/2023, ,IPRO PRD01ABK,,AB0356
AB0401 ,11/21/2023, ,WKYIASP PRD01ABK,,AB0401
AB0402 ,11/21/2023, ,IPRO PRD01ABK,,AB0402
AB0403 ,11/21/2023, ,ICPF PRD01ABK,,AB0403
AB0458 ,11/21/2023, ,ICPF PRD01ABK,,AB0458
AB0852 ,11/21/2023, ,WKYIASPIFS PRD01ABK,,AB0852
AB0985 ,11/21/2023, ,ICPF PRD01ABK,,AB0985
AB0988 ,11/21/2023, ,ICPF PRD01ABK,,AB0988
AB1133 ,11/21/2023, ,WKYIASP PRD01ABK,,AB1133
AB1285 ,11/21/2023, ,WKYIASP PRD01ABK,,AB1285
AB1472 ,11/21/2023, ,IPRO PRD01ABK,,AB1472
AB1474 ,11/21/2023, ,ICPF PRD01ABK,,AB1474
 ,,,,, 
 ,,,,, 
,,,,, 
,,,,, 
,,,,, 
,,,,, 
,,,,, 
,,,,, 
,,,,, 
,,,,, 
,,,,, 
,,,,, 
,,,,, 
,,,,, 
,,,,, 
,,,,, 
,,,,, 
,,,,, 
,,,,, 
,,,,, 
,,,,, 
,,,,, 
,,,,, 
,,,,, 
,,,,, 
,,,,, 
,,,,, 
,,,,, 
,,,,, 
,,,,, 
,,,,, 
,,,,, 
,,,,, 
,,,,, 
,,,,, 
,,,,, 
,,,,, 
